[뉴스레시피] 화산 폭발로 큰 피해를 입은  통가를 돕기 위해 힘을 모아봐요	2022-01-24 08:02
[뉴스레시피] 횡령 범죄를 보고 느낀 점과 문제 해결 방법을 위한 여러분의 생각을 공유해주세요	2022-01-17 08:31
[위클리이슈] 계속되는 거액 횡령 범죄, 무엇이 문제인가	2022-01-17 08:30
[뉴스레시피] 장애인 이동권, 어떻게 보장해야 할까요?	2022-01-10 09:00
[위클리이슈] 장애인 이동권, 어떻게 보장해야 할까	2022-01-10 09:00
[뉴스레시피] 박근혜 전 대통령 특별사면을 둘러싼 찬반 논란, 여러분의 생각은 어떤가요.	2022-01-03 09:01
[위클리이슈] 박근혜 전 대통령 특별사면 논란, 쟁점은?	2022-01-03 09:00
[뉴스레시피] 우리가 할 수 있는 기후 행동 아이디어를 고민해보세요	2021-12-27 07:31
[위클리이슈] 거듭되는 이상기후···지구가 보내는 경고 들여다보니	2021-12-27 07:30
[뉴스레시피] 내가 직접 만든 보이스피싱 예방 홍보작품을 공개해주세요.	2021-12-20 08:01
[위클리이슈] 보이스피싱 피해 7000억 시대,  대책은 없을까요	2021-12-20 08:00
[뉴스레시피] 경찰 형사 책임 덜어주는 면책법, 여러분의 생각은 어떤가요	2021-12-13 09:01
[위클리이슈] 경찰 부실 대응 논란, 어떤 변화가 필요할까요	2021-12-13 09:00
[뉴스레시피] 코로나19 오미크론, 어떤 바이러스일까	2021-12-06 09:01
[위클리이슈] 신종 변이 ‘오미크론’ 확산, 어떻게 대처해야 할까	2021-12-06 09:00
[뉴스레시피] 학교 전면 등교 후기와 단계적 일상회복 지속 가능성에 대한 생각을 공유해주세요	2021-11-29 09:01
[위클리이슈] 단계적 일상회복과 수도권 전면 등교 이대로 괜찮을까요	2021-11-29 09:00
[뉴스레시피] 아파트 사유지를 둘러싼 논란, 여러분의 생각은 어떤가요	2021-11-22 09:01
[위클리이슈] 이웃 아파트 놀이터에 놀러 가면 도둑일까요	2021-11-22 09:00
[위클리 이슈] 코로나19 단계적 일상회복, 시기상조일까 아닐까	2021-11-08 09:00
[뉴스레시피] ‘단계적 일상회복’ 시기상조일까 아닐까	2021-11-08 09:00
[위클리이슈] 김포 장릉 옆 아파트 철거해야 할까	2021-11-01 09:00
[뉴스레시피] 문화재 보호와 국민 재산권 줄다리기	2021-11-01 09:00
[뉴스레시피] 백신 접종 후기와 단계적 일상회복으로 달라질 일상 계획을 공개해주세요	2021-10-25 08:51
[위클리이슈] 청소년 코로나19 백신, 맞을까 말까	2021-10-25 08:50
[뉴스레시피] 한국 첫 노벨 과학상 수상, 언제쯤 이뤄질까요	2021-10-18 09:01
[위클리이슈] 노벨상 다양성 논란…121회 수상자 살펴보니	2021-10-18 09:00
[뉴스레시피] 해외 친구에게 소개하고 싶은 한국 문화는 무엇인가요	2021-10-11 09:01
[위클리이슈] 신한류(新韓流)	2021-10-11 09:00
[뉴스레시피] 수술실 CCTV 설치 의무화 어떻게 바라봐야 할까요	2021-10-04 09:00
[위클리이슈] 수술실 CCTV 의무화	2021-10-04 09:00
[뉴스레시피] 중국의 홍색 규제에 대한 여러분의 생각은 어떤가요	2021-09-27 09:01
[위클리이슈] 중국 홍색 규제	2021-09-27 09:00
[뉴스레시피] 전자감독제도에 얽힌 ‘당근’과 ‘채찍’, 어떻게 활용해야 할까요	2021-09-13 09:01
[위클리이슈] 위치추적 전자장치 실효성 논란	2021-09-13 09:00
[뉴스레시피] 모두 안전한 교통문화, 어떻게 만들까요	2021-09-06 09:01
[위클리이슈] 미성숙한 교통안전 문화	2021-09-06 09:00
[위클리이슈] 아프간 난민	2021-08-30 09:00
[뉴스레시피] 난민 수용은 한국 사회에 어떤 영향을 미칠까요	2021-08-30 09:00
[뉴스레시피] 아프가니스탄 사태로 느낀 점을 쓰고 절망에 빠진 사람들에게 희망의 메시지를 전달해주세요	2021-08-23 08:56
[위클리이슈] 아프가니스탄 탈레반 정권 재집권	2021-08-23 08:55
[뉴스레시피] 뜨거운 지구를 식힐 방법을 고민해 보세요	2021-08-16 09:01
[위클리이슈] 다가오는 기후 재앙	2021-08-16 09:00
[뉴스레시피] 2020 도쿄올림픽 가장 기억에 남는 선수와 명장면을 선정해보세요.	2021-08-09 08:31
[위클리이슈] 2020 도쿄올림픽	2021-08-09 08:30
[뉴스레시피] 지방대학의 경쟁력을 키울 방법을 생각해 보세요	2021-07-19 09:00
[위클리 이슈] 지방대학의 붕괴 위기	2021-07-19 09:00
[뉴스레시피] 탈(脫)플라스틱 챌린지에 동참해 보세요!	2021-07-12 08:31
[위클리이슈] 탈(脫)플라스틱 바람	2021-07-12 08:30
[뉴스레시피] 코로나19 변이 바이러스에 대해 알아봐요	2021-07-05 09:01
[위클리이슈] 코로나19 델타 변이 바이러스	2021-07-05 09:00
[뉴스레시피] 물류센터 노동 환경 개선을 위한 윤리적 소비는 무엇일까요	2021-06-28 11:12
[위클리 이슈] 반복되는 물류시설 화재 참사	2021-06-28 11:10
[뉴스레시피] 재난을 겪은 이들에게 나만의 방식으로 위로의 마음을 전해보세요	2021-06-21 09:01
[위클리이슈] 광주 건물 붕괴 참사	2021-06-21 09:00
[뉴스레시피] 병영문화 폐습, 어떻게 바꿀 수 있을까	2021-06-14 09:01
[위클리이슈] 폐쇄적 군 조직 문화	2021-06-14 09:00
[뉴스레시피] 반려동물 기본예절 ‘펫티켓’ 세워봐요	2021-06-07 09:01
[위클리이슈] 개 물림 사고	2021-06-07 09:00
[뉴스레시피] 외국인 주민과 더불어 살려면 어떤 태도가 필요할까요	2021-05-31 09:00
[위클리 이슈] 외국인 이웃 230만 시대	2021-05-31 09:00
[뉴스레시피] 안전하게 공동구매를 하는 방법은 무엇일까요	2021-05-24 09:01
[위클리이슈] 공동구매의 명과 암	2021-05-24 09:00
[뉴스레시피] ‘제2의 김용균’을 막는 추모에 동참해봐요	2021-05-17 09:01
[위클리이슈] 노동자 산업재해 사고	2021-05-17 09:00
[뉴스레시피] 중국 어선의 불법조업 어떻게 막을 수 있을까요?	2021-05-10 09:00
[위클리이슈] 중국 어선 불법조업 문제	2021-05-10 09:00
[뉴스레시피] 이지연 독자의 미얀마 국민 응원 메시지를 소개합니다	2021-05-03 09:10
[뉴스레시피] 나의 레드카펫 패션을 디자인해 보세요	2021-05-03 09:00
[위클리이슈] 윤여정 아카데미상 수상 쾌거	2021-05-03 09:00
[위클리이슈] 후쿠시마 원전 오염수 방류	2021-04-26 09:30
[뉴스레시피] 후쿠시마 원전 오염수 방류, 어떻게 대처해야 할까요	2021-04-26 09:30
[뉴스레시피] 세 모녀 살해 보고도···계속 괴롭혀야 처벌한다는 ‘스토킹법’	2021-04-19 09:00
[위클리이슈] 스토킹범죄	2021-04-19 09:00
[뉴스레시피] 투표 독려 가상 인증샷 만들어봐요	2021-04-12 09:01
[위클리이슈] 4·7 재·보궐선거	2021-04-12 09:00
[뉴스레시피] 여러분이 목격한 나비효과를 알려주세요	2021-04-05 09:01
[위클리이슈] 수에즈 운하 통항 중단	2021-04-05 09:00
[뉴스레시피] #Stop Asian Hate와 함께 아시안 증오 범죄에 대한 내 생각을 공유해보세요	2021-03-29 09:05
[위클리 이슈] 애틀랜타 총격 사건	2021-03-29 09:00
[뉴스레시피] 미얀마 국민을 응원할 나만의 응원과 세 손가락 경례 메시지를 공개해주세요	2021-03-22 09:00
[위클리이슈] 미얀마 민주화 시위	2021-03-22 09:00
[뉴스레시피] 내가 감독이라면 어떻게 말했을까요	2021-03-15 09:01
[위클리이슈] 해외 영화제 인종차별 논란	2021-03-15 09:00
[뉴스레시피] 실험동물의 고통을 최소화하는 방법은 무엇일까요	2021-03-08 09:00
[위클리이슈] 동물실험의 비윤리성	2021-03-08 09:00
[위클리이슈] 하버드대 교수의 일본군 ‘위안부’ 망언	2021-03-01 09:00
[뉴스레시피]일본군 ‘위안부’ 문제의 진실을 전 세계에 알릴 방법은 무엇일까요	2021-03-01 09:00
[뉴스레시피] 배구계 사태를 비롯해 우리 주변 학교폭력 문제를 근절하는 방안을 생각해 보세요	2021-02-22 09:01
[위클리이슈] 배구계 학교폭력 파문	2021-02-22 09:00
[뉴스레시피] 한국의 김치를 전 세계에 알릴 방법은 무엇일까요	2021-02-08 09:00
[위클리이슈] 한·중 김치 전쟁	2021-02-08 09:00
[위클리이슈] 리뷰·별점 속 갑질	2021-02-01 09:23
[뉴스레시피] 리뷰와 별점의 악용을 어떻게 막을 수 있을까요	2021-02-01 09:21
[뉴스레시피] 우리 집 소음 dB(데시벨)을 측정해 보세요!	2021-01-25 09:01
[위클리이슈] 층간소음 문제	2021-01-25 09:00
[뉴스레시피] 인공지능(AI) 윤리 원칙 만들어봐요	2021-01-18 09:40
[위클리이슈] 인공지능(AI) 윤리	2021-01-18 09:37
[뉴스레시피] 사형제 실효성에 대해 찬반 토론을 해보세요	2021-01-11 09:05
[위클리이슈] 사형제도 존폐 논란	2021-01-11 09:00
[뉴스레시피] 코로나19 백신 4종, 어떻게 다를까요.	2021-01-04 09:01
[위클리이슈] 코로나19 변이 바이러스 출현	2021-01-04 09:00
[뉴스레시피] 남북관계발전법에 대한 찬반 토론을 해보세요	2020-12-28 10:00
[위클리이슈] 남북관계발전법 개정	2020-12-28 09:30
[뉴스레시피] 성범죄자 재범률 감소를 위해 어떤 노력을 해야 할까요	2020-12-21 09:05
[위클리이슈] ‘조두순 방지법’을 둘러싼 찬반 논란	2020-12-21 09:00
[뉴스레시피] 정보 취약계층의 디지털 격차, 어떻게 줄일 수 있을까요	2020-12-14 09:05
[위클리이슈] 심각해지는 노년층 디지털 소외	2020-12-14 09:00
[뉴스레시피] 코로나 시대의 시험 형평성 논란, 친구들과 토론해 보세요.	2020-12-07 09:01
[위클리이슈] 사상 첫 코로나 수능	2020-12-07 09:00
[뉴스레시피] 전 세계에 동해를 알릴 방법은 무엇일까요	2020-11-30 09:05
[위클리이슈] 한·일 간 동해 수역 표기 신경전	2020-11-30 09:00
[뉴스레시피] RCEP에 대해 알아보고 우리나라에 어떻게 도움이 될지 생각해보세요	2020-11-23 09:02
[위클리이슈] 세계 최대 경제블록, RCEP 탄생	2020-11-23 09:00
[뉴스레시피] 지구온난화를 막기 위한 나만의 공약을 만들어 보세요	2020-11-16 09:17
[위클리이슈] 조 바이든 미국 대통령 당선	2020-11-16 09:15
[뉴스레시피] 웹툰·웹소설은 도서정가제의 대상일까?	2020-11-09 09:05
[위클리이슈] 도서정가제 개정	2020-11-09 09:00
[뉴스레시피] 독감 백신 예방접종 어떻게 해야 하나요	2020-11-02 09:03
[위클리이슈] 독감 백신 논란	2020-11-02 09:00
[뉴스레시피]  택배기사들의 노동 환경, 어떻게 개선할 수 있을까요	2020-10-26 14:51
[위클리이슈] 과로에 시달리는 택배 노동자들	2020-10-26 14:50
[뉴스레시피] 얽히고설킨 한·일 관계의 실마리, 어디서부터 풀어야 할까요?	2020-10-19 09:05
[위클리이슈] ‘평화의 소녀상’ 두고 벌어진 한·일 신경전	2020-10-19 09:00
[뉴스레시피] 위기·학대 환경에 있는 아이들을 위해 어떤 대책이 필요한지 생각해보세요	2020-10-12 09:02
[위클리이슈] 위기아동·아동학대 대책 시급	2020-10-12 09:00
[뉴스레시피] 코로나19·독감·감기 차이점 제대로 알고 대비해 봐요	2020-09-28 09:01
[위클리이슈] 코로나19·독감 트윈데믹 우려	2020-09-28 09:00
[뉴스레시피] 음주운전 근절 위한 캠페인 문구·디자인 만들어봐요	2020-09-21 09:01
[위클리이슈] 늘어나는 음주운전 교통사고	2020-09-21 09:00
[뉴스레시피] 태풍 발생 시 나만의 행동요령을 만들어 보세요.	2020-09-14 09:05
[위클리이슈] 슈퍼 태풍	2020-09-14 09:00
[뉴스레시피] 마스크 착용 지침, 제대로 알고 잘 지켜요	2020-09-07 07:15
[위클리이슈] 사회적 거리두기 2.5단계	2020-09-07 06:56
[뉴스레시피] 의사 파업에 대해 친구들과 토론해 보세요.	2020-08-31 09:10
[위클리이슈] 의사 파업(집단 휴진)	2020-08-31 09:00
[뉴스레시피] 여러분의 ‘온택트(Ontact)’ 일과는 어떤가요?	2020-08-24 06:10
[위클리이슈] 코로나19 전국 대유행 초비상	2020-08-24 06:09
[뉴스레시피] 넘쳐나는 SNS PPL 홍수 속 ‘똑똑한 소비자’가 되어볼까요	2020-08-17 09:01
[위클리이슈] 유튜브 뒷광고 논란	2020-08-17 09:00
[뉴스레시피] 집중호우 피해를 줄일 수 있는 방법은 무엇이 있을까요.	2020-08-10 09:05
[위클리이슈] 긴 장마 물폭탄	2020-08-10 09:00
[뉴스레시피] 여러분의 여름방학 세이프케이션·스테이케이션을 즐기는 모습을 남겨보세요.	2020-07-20 09:05
[위클리이슈] 코로나19 시대 첫 여름휴가	2020-07-20 09:00
[뉴스레시피] 다시 불거진 체육계 가혹 행위 논란, 어떻게 해결할 수 있을까요	2020-07-13 09:01
[위클리이슈] 체육계 가혹 행위 논란	2020-07-13 09:00
[뉴스레시피] 뉴스가 불지핀 채용 시장 갈등, 어떻게 생각하나요	2020-07-06 09:10
[위클리이슈] 인천국제공항 정규직 전환 논란	2020-07-06 09:00
[뉴스레시피] 여러분의 온라인 수업은 어떤 모습이었나요?	2020-06-29 09:05
[위클리이슈] 대학 등록금 반환 요구	2020-06-29 09:00
[뉴스레시피] 남북 관계 위기 상황을 돌파할 해결책은 무엇이 있을까요	2020-06-22 08:01
[위클리이슈] 남북 관계 위기 상황	2020-06-22 08:00
[뉴스레시피] 코로나19 속 역대급 폭염, 어떻게 이겨낼 수 있을까요	2020-06-15 09:01
[위클리이슈 ] 이른 폭염	2020-06-15 09:00
[뉴스레시피] 나만의 방식으로 인종차별에 항의하는 평화 시위를 해보세요	2020-06-08 09:05
[위클리이슈] 미국 인종차별 항의 시위	2020-06-08 09:00
[뉴스레시피] 나만의 ‘마스크 활용법’ 공유해요	2020-06-01 09:00
[위클리이슈] 대중교통 마스크 착용 의무화	2020-06-01 09:00
[뉴스레시피] 반복되는 갑질 문제를 없애기 위해 우리가 할 수 있는 일은 무엇일까요	2020-05-25 09:10
[위클리이슈] 주민 갑질과 경비원의 죽음	2020-05-25 09:00
[뉴스레시피] 코로나19로 불거진 성 소수자 혐오, 여러분의 생각은 어떤가요	2020-05-18 09:01
[위클리이슈] 클럽발 코로나19 집단 감염	2020-05-18 09:00
[뉴스레시피] 여러분의 ‘가짜뉴스’ 감별법을 소개해 주세요	2020-05-11 09:01
[위클리이슈] 북한 김정은 신변 이상설	2020-05-11 09:00
[뉴스레시피] 성비위, 왜 끊이지 않나	2020-05-04 07:01
[위클리이슈] 전문직 성비위	2020-05-04 07:00
[뉴스레시피] 10대 피의자 신상 공개에 대해 친구들과 자유롭게 토론해 보세요	2020-04-27 09:10
[위클리이슈] 10대 피의자 신상 공개	2020-04-27 09:00
[뉴스레시피] 우리 동네 핵심 공약을 알려주세요	2020-04-20 09:01
